ğŸŸ£	TS	   87792	    83	2025-09-23	storybookjs/storybook	Storybook is the industry standard workshop for building, documenting, and testing UI components in isolation
ğŸ”µ	TS	   76987	   952	2025-09-17	immich-app/immich	High performance self-hosted photo and video management solution.
ğŸ”´	TS	   70201	   132	2025-10-05	grafana/grafana	The open and composable observability and data visualization platform. Visualize metrics, logs, and traces from multiple sources like Prometheus, Loki, Elasticsearch, InfluxDB, Postgres and many more.	I prefer custom visuals
ğŸ”µ	TS	   69811	   133	2025-10-05	strapi/strapi	ğŸš€ Strapi is the leading open-source headless CMS. Itâ€™s 100% JavaScript/TypeScript, fully customizable, and developer-first.
ğŸŸ£	TS	   57675	   742	2025-09-23	nocodb/nocodb	ğŸ”¥ ğŸ”¥ ğŸ”¥ Open Source Airtable Alternative
ğŸŸ£	TS	   55687	   374	2025-10-05	toeverything/AFFiNE	There can be more than Notion and Miro. AFFiNE(pronounced [É™â€˜fain]) is a next-gen knowledge base that brings planning, sorting and creating all together. Privacy first, open-source, customizable and ready to use.
ğŸŸ£	TS	   42639	   725	2025-09-23	tldraw/tldraw	very good whiteboard SDK / infinite canvas SDK
ğŸŸ£	TS	   41845	   344	2025-10-05	AykutSarac/jsoncrack.com	âœ¨ Innovative and open-source visualization application that transforms various data formats, such as JSON, YAML, XML, CSV and more, into interactive graphs.
ğŸŸ£	TS	   36659	   173	2025-09-17	chatboxai/chatbox	User-friendly Desktop Client App for AI Models/LLMs (GPT, Claude, Gemini, Ollama...)
ğŸ”µ	TS	   32819	   385	2025-10-05	directus/directus	The flexible backend for all your projects ğŸ° Turn your DB into a headless CMS, admin panels, or apps with a custom UI, instant APIs, auth & more.
ğŸŸ£	TS	   31729	   366	2025-09-27	TriliumNext/Trilium	Build your personal knowledge base with Trilium Notes
ğŸŸ£	TS	   27614	    85	2025-10-05	nextauthjs/next-auth	Authentication for the Web.
ğŸŸ£	TS	   24715	  1376	2025-09-23	sst/opencode	AI coding agent, built for the terminal.
ğŸŸ£	TS	   21415	   420	2025-10-05	better-auth/better-auth	The most comprehensive authentication framework for TypeScript
ğŸŸ£	TS	   19741	   203	2025-09-23	teableio/teable	âœ¨ The Next Gen Airtable Alternative: No-Code Postgres
ğŸŸ£	TS	   15702	    83	2025-09-27	mediar-ai/screenpipe	AI app store powered by 24/7 desktop history. open source | 100% local | dev friendly | 24/7 screen, mic recording
ğŸŸ£	TS	   14468	   390	2025-09-17	humanlayer/12-factor-agents	What are the principles we can use to build LLM-powered software that is actually good enough to put in the hands of production customers?
ğŸŸ£	TS	   13904	   210	2025-09-23	elysiajs/elysia	Ergonomic Framework for Humans
ğŸŸ£	TS	   11837	   189	2025-09-27	CapSoftware/Cap	Open source Loom alternative. Beautiful, shareable screen recordings.
ğŸŸ£	TS	   11365	   245	2025-09-27	TanStack/router	ğŸ¤– Fully typesafe Router for React (and friends) w/ built-in caching, 1st class search-param APIs, client-side cache integration and isomorphic rendering.
ğŸŸ£	TS	   10745	    44	2025-10-05	actions/starter-workflows	Accelerating new GitHub Actions workflows
ğŸŸ£	TS	   10150	    85	2025-09-27	alexta69/metube	Self-hosted YouTube downloader (web UI for youtube-dl / yt-dlp)
ğŸŸ£	TS	   10104	   185	2025-10-05	modelcontextprotocol/typescript-sdk	The official TypeScript SDK for Model Context Protocol servers and clients
ğŸŸ£	TS	    9749	   667	2025-09-23	nanobrowser/nanobrowser	Open-Source Chrome extension for AI-powered web automation. Run multi-agent workflows using your own LLM API key. Alternative to OpenAI Operator.
ğŸŸ£	TS	    7860	   475	2025-09-17	ruvnet/claude-flow	ğŸŒŠ The leading agent orchestration platform for Claude. Deploy intelligent multi-agent swarms, coordinate autonomous workflows, and build conversational AI systems. Features enterprise-grade architecture, distributed swarm intelligence, RAG integration, and native Claude Code support via MCP protocol. Ranked #1 in agent-based frameworks.
ğŸŸ£	TS	    7779	   349	2025-10-05	czlonkowski/n8n-mcp	A MCP for Claude Desktop / Claude Code / Windsurf / Cursor to build n8n workflows for you
ğŸŸ£	TS	    6181	   408	2025-09-27	chaitin/PandaWiki	PandaWiki æ˜¯ä¸€æ¬¾ AI å¤§æ¨¡å‹é©±åŠ¨çš„å¼€æºçŸ¥è¯†åº“æ­å»ºç³»ç»Ÿï¼Œå¸®åŠ©ä½ å¿«é€Ÿæ„å»ºæ™ºèƒ½åŒ–çš„ äº§å“æ–‡æ¡£ã€æŠ€æœ¯æ–‡æ¡£ã€FAQã€åšå®¢ç³»ç»Ÿï¼Œå€ŸåŠ©å¤§æ¨¡å‹çš„åŠ›é‡ä¸ºä½ æä¾› AI åˆ›ä½œã€AI é—®ç­”ã€AI æœç´¢ç­‰èƒ½åŠ›ã€‚
ğŸŸ£	TS	    4634	  1229	2025-09-17	11cafe/jaaz	The world's first open-source multimodal creative assistant This is a substitute for Canva and Manus that prioritizes privacy and is usable locally.
ğŸŸ£	TS	    3614	   799	2025-09-17	firebase/genkit	Open-source framework for building AI-powered apps in JavaScript, Go, and Python, built and used in production by Google
ğŸŸ£	TS	    3385	   798	2025-09-27	humanlayer/humanlayer	The best way to get AI to solve hard problems in complex codebases.
ğŸŸ£	TS	    3198	   882	2025-09-17	Vanilagy/mediabunny	Pure TypeScript media toolkit for reading, writing, and converting video and audio files, directly in the browser.
ğŸŸ£	TS	    3076	   358	2025-09-23	OvidijusParsiunas/deep-chat	Fully customizable AI chatbot component for your website
ğŸŸ£	TS	    2961	   288	2025-09-17	AIDC-AI/ComfyUI-Copilot	An AI-powered custom node for ComfyUI designed to enhance workflow automation and provide intelligent assistance
ğŸŸ£	TS	    2821	   226	2025-10-05	exa-labs/exa-mcp-server	Exa MCP for web search and web crawling!
ğŸŸ£	TS	    2344	   155	2025-09-17	JOYCEQL/magic-resume	free online AI resume editor
ğŸŸ£	TS	    1864	   775	2025-09-27	get-convex/chef	The only AI app builder that knows backend
ğŸŸ£	TS	     915	   215	2025-09-23	SmythOS/sre	The Operating System for Agents
ğŸŸ£	TS	     790	   253	2025-09-23	allweonedev/presentation-ai	Open source AI presentation generator. Create professional slides with customizable themes and AI-generated content in minutes.
ğŸŸ£	SH	   21361	   281	2025-10-05	community-scripts/ProxmoxVE	Proxmox VE Helper-Scripts (Community Edition)
ğŸŸ£	SH	   17146	    45	2025-09-27	docker-mailserver/docker-mailserver	Production-ready fullstack but simple mail server (SMTP, IMAP, LDAP, Antispam, Antivirus, etc.) running inside a container.
ğŸŸ£	SH	   15138	    84	2025-09-23	thibmaek/awesome-raspberry-pi	ğŸ“ A curated list of awesome Raspberry Pi tools, projects, images and resources
ğŸŸ£	SH	   11663	    62	2025-09-23	DaoCloud/public-image-mirror	å¾ˆå¤šé•œåƒéƒ½åœ¨å›½å¤–ã€‚æ¯”å¦‚ gcr ã€‚å›½å†…ä¸‹è½½å¾ˆæ…¢ï¼Œéœ€è¦åŠ é€Ÿã€‚è‡´åŠ›äºæä¾›è¿æ¥å…¨ä¸–ç•Œçš„ç¨³å®šå¯é å®‰å…¨çš„å®¹å™¨é•œåƒæœåŠ¡ã€‚
ğŸŸ£	SH	   11317	    15	2025-09-17	google/oss-fuzz	OSS-Fuzz - continuous fuzzing for open source software.
ğŸŸ£	SH	    9894	    99	2025-09-27	pystardust/ani-cli	A cli tool to browse and play anime
ğŸŸ£	SH	    9553	    42	2025-09-27	kodekloudhub/certified-kubernetes-administrator-course	Certified Kubernetes Administrator - CKA Course
ğŸŸ£	SH	    9068	    45	2025-09-17	1N3/Sn1per	Attack Surface Management Platform
ğŸŸ£	SH	    8602	    19	2025-09-27	testssl/testssl.sh	Testing TLS/SSL encryption anywhere on any port
ğŸŸ£	SH	    7727	   308	2025-09-17	bin456789/reinstall	ä¸€é”®DD/é‡è£…è„šæœ¬ (One-click reinstall OS on VPS)
ğŸŸ£	SH	    7259	    42	2025-09-17	RROrg/rr	Redpill Recovery (arpl-i18n)
ğŸŸ£	SH	    6385	    50	2025-10-05	ublue-os/bazzite	Bazzite makes gaming and everyday use smoother and simpler across desktop PCs, handhelds, tablets, and home theater PCs.
ğŸŸ£	SH	    6186	   115	2025-09-27	HyDE-Project/HyDE	HyDE, your Development Environment ğŸ–¥ï¸ğŸ’»
ğŸŸ£	SH	    5710	    31	2025-10-05	masonr/yet-another-bench-script	YABS - a simple bash script to estimate Linux server performance using fio, iperf3, & Geekbench
ğŸŸ£	SH	    5705	    64	2025-09-23	ROCm/ROCm	AMD ROCmâ„¢ Software - GitHub Home
ğŸŸ£	SH	    5533	    23	2025-09-23	bats-core/bats-core	Bash Automated Testing System
ğŸŸ£	SH	    5414	    29	2025-09-17	remote-android/redroid-doc	redroid (Remote-Android) is a multi-arch, GPU enabled, Android in Cloud solution. Track issues / docs here
ğŸŸ£	SH	    4677	    46	2025-09-17	007revad/Synology_HDD_db	Add your HDD, SSD and NVMe drives to your Synology's compatible drive database and a lot more
ğŸŸ£	SH	    4420	    88	2025-09-17	awesome-jellyfin/awesome-jellyfin	A Collection of Awesome Jellyfin Plugins, Themes, Guides and More!
ğŸŸ£	SH	    4230	   179	2025-09-17	nelvko/clash-for-linux-install	ğŸ˜¼ ä¼˜é›…åœ°ä½¿ç”¨åŸºäº clash/mihomo çš„ä»£ç†ç¯å¢ƒ
ğŸŸ£	SH	    4149	    88	2025-09-23	bitnami/containers	Bitnami container images
ğŸŸ£	SH	    4053	    40	2025-10-05	JamesTurland/JimsGarage	Homelab Goodies
ğŸŸ£	SH	    3704	    50	2025-09-27	InfinityLoop1308/PipePipe	An open-source Android app to let you browse YouTube, NicoNico and BiliBili freely.
ğŸŸ£	SH	    3600	    14	2025-10-05	htr-tech/nexphisher	Advanced Phishing tool
ğŸŸ£	SH	    2208	    21	2025-10-05	bluesky-social/pds	Bluesky PDS (Personal Data Server) container image, compose file, and documentation
ğŸŸ£	SH	    1910	    18	2025-09-23	ublue-os/bluefin	The next generation Linux workstation, designed for reliability, performance, and sustainability.
ğŸŸ£	SH	    1869	    46	2025-09-27	IceWhaleTech/ZimaOS	A Simplified, Focused and Open NAS OS_
ğŸŸ£	SH	    1854	    70	2025-10-05	caido/caido	ğŸš€ Caido releases, wiki and roadmap
ğŸŸ£	SH	    1703	    28	2025-09-17	WhatsApp/proxy	This repository contains the WhatsApp proxy implementation for users to host their own proxy infrastructure to connect to WhatsApp for chat (VoIP is not currently supported)
ğŸŸ£	SH	    1514	    55	2025-09-23	deevus/zed-windows-builds
ğŸŸ£	SH	    1199	    36	2025-09-23	aaddrick/claude-desktop-debian	Claude Desktop for Debian-based Linux distributions
ğŸŸ£	SH	    1152	    26	2025-09-23	geekau/mediastack	The ultimate Docker Compose files and configs to build your desired media stack, quickly and easily, with secure outbound network traffic and secure remote access using multifactor authentication.
ğŸŸ£	SH	    1126	    31	2025-09-17	Meliox/PVE-mods	Proxmox modifications
ğŸŸ£	SH	    1100	    36	2025-10-05	n8n-io/n8n-hosting	Example of self-hosting n8n in various environments like docker, kubernetes, etc.
ğŸŸ£	SH	     977	    41	2025-09-23	sabamdarif/termux-desktop	Install a full Linux desktop environment on your Android device with Termux X11 ( VNC optional) and also enable hardware acceleration
ğŸŸ£	SH	     733	   114	2025-09-17	Olsro/ipodclickwheelgamespreservationproject	Preservation of iPod Clickwheel Games for iPod Nanos 3g to 5g and iPod Classics 5g to 7g
ğŸŸ£	RS	   17512	    73	2025-09-27	clockworklabs/SpacetimeDB	Multiplayer at the speed of light
ğŸ”´	RS	   12998	   786	2025-09-23	eythaann/Seelen-UI	The Fully Customizable Desktop Environment for Windows 10/11.	I don't use Windows
ğŸŸ¢	RS	   12208	    66	2025-09-27	espanso/espanso	A Privacy-first, Cross-platform Text Expander written in Rust
ğŸ”´	RS	   12010	    88	2025-09-23	libnyanpasu/clash-nyanpasu	Clash Nyanpasuï½(âˆ ãƒ»Ï‰< )âŒ’â˜†â€‹	I don't use Clash
ğŸŸ£	RS	   11885	   158	2025-09-27	rathole-org/rathole	A lightweight and high-performance reverse proxy for NAT traversal, written in Rust. An alternative to frp and ngrok.
ğŸŸ£	RS	    9875	    95	2025-09-23	glzr-io/glazewm	GlazeWM is a tiling window manager for Windows inspired by i3wm.	I don't use Windows
ğŸŸ£	RS	    9682	    78	2025-09-27	stalwartlabs/stalwart	All-in-one Mail & Collaboration server. Secure, scalable and fluent in every protocol (IMAP, JMAP, SMTP, CalDAV, CardDAV, WebDAV).
ğŸ”´	RS	    9591	   141	2025-09-27	foundry-rs/foundry	Foundry is a blazing fast, portable and modular toolkit for Ethereum application development written in Rust.	I don't do finance
ğŸŸ£	RS	    6764	    55	2025-09-23	kata-containers/kata-containers	Kata Containers is an open source project and community working to build a standard implementation of lightweight Virtual Machines (VMs) that feel and perform like containers, but provide the workload isolation and security advantages of VMs. https://katacontainers.io/
ğŸŸ£	RS	    5724	    58	2025-09-23	cachix/devenv	Fast, Declarative, Reproducible, and Composable Developer Environments using Nix
ğŸŸ£	RS	    5493	   233	2025-09-17	erebe/wstunnel	Tunnel all your traffic over Websocket or HTTP2 - Bypass firewalls/DPI - Static binary available
ğŸŸ£	RS	    4821	    40	2025-09-23	cloud-hypervisor/cloud-hypervisor	A Virtual Machine Monitor for modern Cloud workloads. Features include CPU, memory and device hotplug, support for running Windows and Linux guests, device offload with vhost-user and a minimal compact footprint. Written in Rust with a strong focus on security.
ğŸŸ£	RS	    4440	   324	2025-09-17	Eventual-Inc/Daft	Distributed query engine providing simple and reliable data processing for any modality and scale
ğŸŸ£	RS	    3851	   123	2025-09-23	feschber/lan-mouse	mouse & keyboard sharing via LAN
ğŸŸ£	RS	    3094	    45	2025-10-05	witnessmenow/ESP32-Cheap-Yellow-Display	Building a community around a cheap ESP32 Display with a touch screen
ğŸŸ£	RS	    2883	   327	2025-09-17	EFForg/rayhunter	Rust tool to detect cell site simulators on an orbic mobile hotspot
ğŸŸ£	RS	    2779	   551	2025-09-23	ArthurBrussee/brush	3D Reconstruction for all
ğŸŸ£	RS	     990	    33	2025-09-17	nexus-xyz/nexus-cli	Command line interface for supplying proofs to the Nexus network.
ğŸŸ£	RS	     292	    32	2025-09-17	category-labs/monad-bft
ğŸŸ¢	PY	  366471	  1066	2025-09-27	public-apis/public-apis	A collective list of free APIs
ğŸ”´	PY	  209369	  1635	2025-09-27	TheAlgorithms/Python	All Algorithms implemented in Python	Skip educational
ğŸ”´	PY	   79150	   735	2025-10-05	bregman-arie/devops-exercises	Linux, Jenkins, AWS, SRE, Prometheus, Docker, Python, Ansible, Git, Kubernetes, Terraform, OpenStack, SQL, NoSQL, Azure, GCP, DNS, Elastic, Network, Virtualization. DevOps Interview Questions	Skip educational
ğŸ”´	PY	   73778	   391	2025-10-05	hacksider/Deep-Live-Cam	real time face swap and one-click video deepfake with only a single image	Prefer API-based providers
ğŸŸ£	PY	   58210	  2110	2025-10-05	commaai/openpilot	openpilot is an operating system for robotics. Currently, it upgrades the driver assistance system on 300+ supported cars.
ğŸŸ£	PY	   56152	  1130	2025-09-17	CorentinJ/Real-Time-Voice-Cloning	Clone a voice in 5 seconds to generate arbitrary speech in real-time
ğŸŸ£	PY	   53409	  1100	2025-09-17	unclecode/crawl4ai	ğŸš€ğŸ¤– Crawl4AI: Open-source LLM Friendly Web Crawler & Scraper. Don't be shy, join here: https://discord.gg/jP8KfhDhyN
ğŸŸ£	PY	   46892	   393	2025-10-05	ultralytics/ultralytics	Ultralytics YOLO ğŸš€
ğŸŸ£	PY	   37465	   719	2025-09-17	hiroi-sora/Umi-OCR	OCR software, free and offline. å¼€æºã€å…è´¹çš„ç¦»çº¿OCRè½¯ä»¶ã€‚æ”¯æŒæˆªå±/æ‰¹é‡å¯¼å…¥å›¾ç‰‡ï¼ŒPDFæ–‡æ¡£è¯†åˆ«ï¼Œæ’é™¤æ°´å°/é¡µçœ‰é¡µè„šï¼Œæ‰«æ/ç”ŸæˆäºŒç»´ç ã€‚å†…ç½®å¤šå›½è¯­è¨€åº“ã€‚
ğŸŸ£	PY	   33356	   621	2025-09-23	facebookresearch/detectron2	Detectron2 is a platform for object detection, segmentation and other visual recognition tasks.
ğŸ”´	PY	   28441	   714	2025-10-05	Byaidu/PDFMathTranslate	PDF scientific paper translation with preserved formats - åŸºäº AI å®Œæ•´ä¿ç•™æ’ç‰ˆçš„ PDF æ–‡æ¡£å…¨æ–‡åŒè¯­ç¿»è¯‘ï¼Œæ”¯æŒ Google/DeepL/Ollama/OpenAI ç­‰æœåŠ¡ï¼Œæä¾› CLI/GUI/MCP/Docker/Zotero	Skip educational
ğŸŸ£	PY	   24260	   682	2025-09-17	Cinnamon/kotaemon	An open-source RAG-based tool for chatting with your documents.
ğŸŸ£	PY	   22590	   390	2025-09-17	deepset-ai/haystack	AI orchestration framework to build customizable, production-ready LLM applications. Connect components (models, vector DBs, file converters) to pipelines or agents that can interact with your data. With advanced retrieval methods, it's best suited for building RAG, question answering, semantic search or conversational agent chatbots.
ğŸŸ£	PY	   17831	   948	2025-09-17	mxrch/GHunt	ğŸ•µï¸â€â™‚ï¸ Offensive Google framework.
ğŸŸ£	PY	   15763	   467	2025-10-05	lukas-blecher/LaTeX-OCR	pix2tex: Using a ViT to convert images of equations into LaTeX code.
ğŸŸ£	PY	   14194	   697	2025-09-27	onyx-dot-app/onyx	Open Source AI Platform - AI Chat with advanced features that works with every LLM
ğŸŸ£	PY	   14117	  7031	2025-09-23	Alibaba-NLP/DeepResearch	Tongyi Deep Research, the Leading Open-source Deep Research Agent
ğŸŸ£	PY	   11279	   400	2025-09-27	confident-ai/deepeval	The LLM Evaluation Framework
ğŸŸ£	PY	    8811	   445	2025-10-05	jsvine/pdfplumber	Plumb a PDF for detailed information about each char, rectangle, line, et cetera â€”Â and easily extract text and tables.
ğŸŸ£	PY	    8088	   178	2025-09-23	Lightricks/LTX-Video	Official repository for LTX-Video
ğŸŸ£	PY	    7572	  2755	2025-09-17	Physical-Intelligence/openpi
ğŸŸ£	PY	    7268	   305	2025-09-17	OpenPipe/ART	Agent Reinforcement Trainer: train multi-step agents for real-world tasks using GRPO. Give your agents on-the-job training. Reinforcement learning for Qwen2.5, Qwen3, Llama, and more!
ğŸŸ£	PY	    6995	   844	2025-09-17	HKUDS/AutoAgent	AutoAgent: Fully-Automated and Zero-Code LLM Agent Framework
ğŸŸ£	PY	    6879	   955	2025-09-27	bytedance/Dolphin	The official repo for â€œDolphin: Document Image Parsing via Heterogeneous Anchor Promptingâ€, ACL, 2025.
ğŸŸ£	PY	    6512	  1141	2025-09-27	HKUDS/RAG-Anything	"RAG-Anything: All-in-One RAG Framework"
ğŸŸ£	PY	    5832	   679	2025-09-17	NVIDIA/garak	the LLM vulnerability scanner
ğŸŸ£	PY	    5349	   346	2025-09-27	google/adk-samples	A collection of sample agents built with Agent Development (ADK)
ğŸŸ£	PY	    5321	   291	2025-09-17	Azure/azure-sdk-for-python	This repository is for active development of the Azure SDK for Python. For consumers of the SDK we recommend visiting our public developer docs at https://learn.microsoft.com/python/azure/ or our versioned developer docs at https://azure.github.io/azure-sdk-for-python.
ğŸŸ£	PY	    4480	   513	2025-09-27	aliasrobotics/cai	Cybersecurity AI (CAI), the framework for AI Security
ğŸŸ£	PY	    4417	   166	2025-09-23	net4people/bbs	Forum for discussing Internet censorship circumvention
ğŸŸ£	PY	    4305	   911	2025-10-05	imputnet/helium	Private, fast, and honest web browser
ğŸŸ£	PY	    3661	   267	2025-09-17	NEKOparapa/AiNiee	ä¸€æ¬¾ä¸“æ³¨äºAiç¿»è¯‘çš„å·¥å…·ï¼Œä¸€é”®è‡ªåŠ¨ç¿»è¯‘RPG SLGæ¸¸æˆï¼ŒEpub TXTå°è¯´ï¼ŒSrt Vtt Lrcå­—å¹•ï¼ŒWord MDæ–‡æ¡£ç­‰ç­‰å¤æ‚é•¿æ–‡æœ¬ã€‚
ğŸŸ£	PY	    3518	  1398	2025-09-27	WECENG/ticket-purchase	å¤§éº¦è‡ªåŠ¨æŠ¢ç¥¨ï¼Œæ”¯æŒäººå‘˜ã€åŸå¸‚ã€æ—¥æœŸåœºæ¬¡ã€ä»·æ ¼é€‰æ‹©
ğŸŸ£	PY	    3375	   926	2025-09-23	sentient-agi/ROMA	Recursive-Open-Meta-Agent v0.1 (Beta). A meta-agent framework to build high-performance multi-agent systems.
ğŸŸ£	PY	    3342	   636	2025-09-17	Vector-Wangel/XLeRobot	XLeRobot: Practical Dual-Arm Mobile Home Robot for $660
ğŸŸ£	PY	    3175	   718	2025-09-27	HKUDS/AI-Researcher	"[NeurIPS2025] ""AI-Researcher: Autonomous Scientific Innovation"" -- A production-ready version: https://novix.science/chat"
ğŸŸ£	PY	    2773	  1127	2025-09-23	dataease/SQLBot	ğŸ”¥ åŸºäºå¤§æ¨¡å‹å’Œ RAG çš„æ™ºèƒ½é—®æ•°ç³»ç»Ÿã€‚Text-to-SQL Generation via LLMs using RAG.
ğŸŸ£	PY	    2384	   330	2025-09-27	knownsec/aipyapp	AI-Powered Python & Python-Powered AI (Python-Use)
ğŸŸ£	PY	    2361	   563	2025-10-05	YILING0013/AI_NovelGenerator	ä½¿ç”¨aiç”Ÿæˆå¤šç« èŠ‚çš„é•¿ç¯‡å°è¯´ï¼Œè‡ªåŠ¨è¡”æ¥ä¸Šä¸‹æ–‡ã€ä¼ç¬”
ğŸŸ£	PY	    1503	   147	2025-09-17	opengeos/geoai	GeoAI: Artificial Intelligence for Geospatial Data
ğŸŸ£	PY	    1349	   328	2025-09-23	kaixxx/noScribe	Cutting edge AI technology for automated audio transcription. A nice GUI for OpenAIs Whisper and pyannote (speaker identification)
ğŸŸ£	PY	     778	   174	2025-09-27	apecloud/ApeRAG	ApeRAG: Production-ready GraphRAG with multi-modal indexing, AI agents, MCP support, and scalable K8s deployment
ğŸŸ£	PY	     567	   250	2025-09-23	OpenMind/OM1	Modular AI runtime for robots
ğŸŸ£	PY	     239	    79	2025-09-27	google-agentic-commerce/a2a-x402	"The A2A x402 Extension brings cryptocurrency payments to the Agent-to-Agent (A2A) protocol, enabling agents to monetize their services through on-chain payments. This extension revives the spirit of HTTP 402 ""Payment Required"" for the decentralized agent ecosystem."
ğŸŸ£	JS	   49709	   237	2025-09-23	poteto/hiring-without-whiteboards	â­ï¸ Companies that don't have a broken hiring process
ğŸŸ£	JS	   42521	   293	2025-09-17	NaiboWang/EasySpider	A visual no-code/code-free web crawler/spideræ˜“é‡‡é›†ï¼šä¸€ä¸ªå¯è§†åŒ–æµè§ˆå™¨è‡ªåŠ¨åŒ–æµ‹è¯•/æ•°æ®é‡‡é›†/çˆ¬è™«è½¯ä»¶ï¼Œå¯ä»¥æ— ä»£ç å›¾å½¢åŒ–çš„è®¾è®¡å’Œæ‰§è¡Œçˆ¬è™«ä»»åŠ¡ã€‚åˆ«åï¼šServiceWrapperé¢å‘Webåº”ç”¨çš„æ™ºèƒ½åŒ–æœåŠ¡å°è£…ç³»ç»Ÿã€‚
ğŸŸ£	JS	   39175	   145	2025-10-05	remoteintech/remote-jobs	A list of semi to fully remote-friendly companies (jobs) in tech.
ğŸŸ£	JS	   36608	   138	2025-09-23	ToolJet/ToolJet	ToolJet is the open-source foundation of ToolJet AI - the AI-native platform for building internal tools, dashboard, business applications, workflows and AI agents ğŸš€
ğŸŸ£	JS	   36543	   272	2025-09-27	HeyPuter/puter	ğŸŒ The Internet OS! Free, Open-Source, and Self-Hostable.
ğŸŸ£	JS	   34638	    95	2025-09-23	fastify/fastify	Fast and low overhead web framework, for Node.js
ğŸŸ£	JS	   33705	   127	2025-10-05	danielmiessler/Fabric	Fabric is an open-source framework for augmenting humans using AI. It provides a modular system for solving specific problems using a crowdsourced set of AI prompts that can be used anywhere.
ğŸ”´	JS	   33672	    50	2025-09-23	TheAlgorithms/JavaScript	Algorithms and Data Structures implemented in JavaScript for beginners, following best practices.	Skip educational
ğŸŸ£	JS	   22498	    97	2025-09-17	blackmatrix7/ios_rule_script	åˆ†æµè§„åˆ™ã€é‡å†™å†™è§„åˆ™åŠè„šæœ¬ã€‚
ğŸŸ£	JS	   21944	   179	2025-10-05	MagicMirrorOrg/MagicMirror	MagicMirrorÂ² is an open source modular smart mirror platform. With a growing list of installable modules, the MagicMirrorÂ² allows you to convert your hallway or bathroom mirror into your personal assistant.
ğŸŸ£	JS	   20417	    45	2025-09-17	appium/appium	Cross-platform automation framework for all kinds of apps, built on top of the W3C WebDriver protocol
ğŸŸ£	JS	   19403	   112	2025-09-17	docmirror/dev-sidecar	å¼€å‘è€…è¾¹è½¦ï¼Œgithubæ‰“ä¸å¼€ï¼ŒgithubåŠ é€Ÿï¼Œgit cloneåŠ é€Ÿï¼Œgit releaseä¸‹è½½åŠ é€Ÿï¼ŒstackoverflowåŠ é€Ÿ
ğŸŸ£	JS	   18796	    32	2025-09-23	bgstaal/multipleWindow3dScene	"A quick example of how one can ""synchronize"" a 3d scene across multiple windows using three.js and localStorage"
ğŸŸ£	JS	   16975	 12446	2025-09-23	Gar-b-age/CookLikeHOC	ğŸ¥¢åƒè€ä¹¡é¸¡ğŸ”é‚£æ ·åšé¥­ã€‚ä¸»è¦éƒ¨åˆ†äº2024å¹´å®Œå·¥ï¼Œéè€ä¹¡é¸¡å®˜æ–¹ä»“åº“ã€‚æ–‡å­—æ¥è‡ªã€Šè€ä¹¡é¸¡èœå“æº¯æºæŠ¥å‘Šã€‹ï¼Œå¹¶åšå½’çº³ã€ç¼–è¾‘ä¸æ•´ç†ã€‚CookLikeHOC.
ğŸŸ£	JS	   16692	    76	2025-09-17	Foundry376/Mailspring	ğŸ’Œ A beautiful, fast and fully open source mail client for Mac, Windows and Linux.
ğŸŸ£	JS	   16610	   187	2025-09-23	4ian/GDevelop	ğŸ® Open-source, cross-platform 2D/3D/multiplayer game engine designed for everyone.
ğŸŸ£	JS	   15613	   137	2025-09-23	leaningtech/webvm	Virtual Machine for the Web
ğŸŸ£	JS	   10629	    50	2025-09-17	plankanban/planka	PLANKA is the kanban-style project mastering tool for everyone.
ğŸŸ£	JS	   10391	    53	2025-10-05	HackTricks-wiki/hacktricks	Welcome to the page where you will find each trick/technique/whatever I have learnt in CTFs, real life apps, and reading researches and news.
ğŸŸ£	JS	    8670	   253	2025-09-27	rastapasta/mapscii	ğŸ—º MapSCII is a Braille & ASCII world map renderer for your console - enter => telnet mapscii.me <= on Mac (brew install telnet) and Linux, connect with PuTTY on Windows
ğŸŸ£	JS	    8441	   154	2025-10-05	meshery/meshery	Meshery, the cloud native manager
ğŸŸ£	JS	    8183	   425	2025-09-23	WebGoat/WebGoat	WebGoat is a deliberately insecure application
ğŸŸ£	JS	    7864	   584	2025-09-27	is-a-dev/register	Grab your own sweet-looking '.is-a.dev' subdomain.
ğŸŸ£	JS	    7463	   494	2025-09-17	github/awesome-copilot	Community-contributed instructions, prompts, and configurations to help you make the most of GitHub Copilot.
ğŸŸ£	JS	    5419	   112	2025-09-27	grab/cursor-talk-to-figma-mcp	CTTF: MCP integration between Cursor AI and Figma, allowing Cursor to communicate with Figma like agentic ai for reading designs and modifying them programmatically.
ğŸŸ£	JS	    4897	  2914	2025-09-17	trueadm/ripple	the elegant TypeScript UI framework
ğŸŸ£	JS	    4131	   116	2025-09-23	mindcraft-bots/mindcraft	Minecraft AI with LLMs+Mineflayer
ğŸŸ£	JS	    3429	   132	2025-09-23	songquanpeng/message-pusher	æ­å»ºä¸“å±äºä½ çš„æ¶ˆæ¯æ¨é€æœåŠ¡ï¼Œæ”¯æŒå¤šç§æ¶ˆæ¯æ¨é€æ–¹å¼ï¼Œæ”¯æŒ Markdownï¼ŒåŸºäº Golang ä»…å•å¯æ‰§è¡Œæ–‡ä»¶ï¼Œå¼€ç®±å³ç”¨
ğŸŸ£	JS	    2394	    67	2025-09-17	jgraph/drawio	draw.io is a JavaScript, client-side editor for general diagramming.
ğŸŸ£	JS	    2374	   720	2025-09-17	SkyworkAI/DeepResearchAgent	DeepResearchAgent is a hierarchical multi-agent system designed not only for deep research tasks but also for general-purpose task solving. The framework leverages a top-level planning agent to coordinate multiple specialized lower-level agents, enabling automated task decomposition and efficient execution across diverse and complex domains.
ğŸŸ£	JS	    2206	    20	2025-09-17	therealgliz/blooket-hacks	Multiple game hacks to use so the game become easier to play!
ğŸŸ£	JS	    1971	   154	2025-10-05	Stremio/stremio-web	Stremio - Freedom to Stream
ğŸŸ£	JS	    1655	    26	2025-09-17	UseInterstellar/Interstellar	One of the most popular modern web proxies with blazing fast speeds and a variety of games.
ğŸŸ£	JS	     947	    34	2025-10-05	Coding-Solo/godot-mcp	MCP server for interfacing with Godot game engine. Provides tools for launching the editor, running projects, and capturing debug output.
ğŸŸ£	JS	     826	    36	2025-09-17	met4citizen/TalkingHead	Talking Head (3D): A JavaScript class for real-time lip-sync using Ready Player Me full-body 3D avatars.
ğŸŸ£	GO	   25421	    74	2025-10-05	authelia/authelia	The Single Sign-On Multi-Factor portal for web apps, now OpenID Certifiedâ„¢
ğŸŸ£	GO	   23909	    70	2025-10-05	pulumi/pulumi	Pulumi - Infrastructure as Code in any programming language ğŸš€
ğŸŸ£	GO	   21876	   510	2025-09-17	trufflesecurity/trufflehog	Find, verify, and analyze leaked credentials
ğŸŸ£	GO	   20077	    99	2025-09-17	JanDeDobbeleer/oh-my-posh	The most customisable and low-latency cross platform/shell prompt renderer
ğŸŸ£	GO	   19612	   135	2025-10-05	getsops/sops	Simple and flexible tool for managing secrets
ğŸŸ£	GO	   17983	   270	2025-09-27	chaitin/SafeLine	SafeLine is a self-hosted WAF(Web Application Firewall) / reverse proxy to protect your web apps from attacks and exploits.
ğŸŸ£	GO	   17831	    80	2025-09-17	knadh/listmonk	High performance, self-hosted, newsletter and mailing list manager with a modern dashboard. Single binary app.
ğŸŸ£	GO	   17441	    69	2025-10-05	apernet/hysteria	Hysteria is a powerful, lightning fast and censorship resistant proxy.
ğŸŸ£	GO	   16258	    57	2025-10-05	slackhq/nebula	A scalable overlay networking tool with a focus on performance, simplicity and security
ğŸŸ£	GO	   16227	    25	2025-09-17	influxdata/telegraf	Agent for collecting, processing, aggregating, and writing metrics, logs, and other arbitrary data.
ğŸŸ£	GO	   15793	    38	2025-09-17	hashicorp/nomad	Nomad is an easy-to-use, flexible, and performant workload orchestrator that can deploy a mix of microservice, batch, containerized, and non-containerized applications. Nomad is easy to operate and scale and has native Consul and Vault integrations.
ğŸŸ£	GO	   14819	   319	2025-09-17	livekit/livekit	End-to-end realtime stack for connecting humans and AI
ğŸŸ£	GO	   14205	   205	2025-09-27	muesli/duf	Disk Usage/Free Utility - a better 'df' alternative
ğŸŸ£	GO	   13086	    23	2025-10-05	rook/rook	Storage Orchestration for Kubernetes
ğŸŸ£	GO	   12226	   825	2025-09-17	ccfos/nightingale	Nightingale for monitoring and alerting, just as Grafana for visualization.
ğŸŸ£	GO	   11819	    78	2025-09-27	zitadel/zitadel	ZITADEL - Identity infrastructure, simplified forÂ you.
ğŸŸ£	GO	   10882	  1198	2025-09-17	aaPanel/BillionMail	BillionMail gives you open-source MailServer, NewsLetter, Email Marketing â€” fully self-hosted, dev-friendly, and free from monthly fees. Join the discord: https://discord.gg/asfXzBUhZr
ğŸŸ£	GO	   10851	   458	2025-09-17	keploy/keploy	API, Integration, E2E Testing Agent for Developers that actually work. Generate tests, mocks/stubs for your APIs!
ğŸŸ£	GO	   10190	   170	2025-09-17	putyy/res-downloader	è§†é¢‘å·ã€å°ç¨‹åºã€æŠ–éŸ³ã€å¿«æ‰‹ã€å°çº¢ä¹¦ã€ç›´æ’­æµã€m3u8ã€é…·ç‹—ã€QQéŸ³ä¹ç­‰å¸¸è§ç½‘ç»œèµ„æºä¸‹è½½!
ğŸŸ£	GO	    9784	    60	2025-09-23	containers/skopeo	Work with remote images registries - retrieving information, images, signing content
ğŸŸ£	GO	    8549	   270	2025-09-23	TwiN/gatus	â›‘ Automated developer-oriented status page
ğŸŸ£	GO	    7759	   228	2025-09-27	smartcontractkit/chainlink	node of the decentralized oracle network, bridging on and off-chain computation
ğŸŸ£	GO	    6243	    26	2025-10-05	ethereum-optimism/optimism	Optimism is Ethereum, scaled.
ğŸŸ£	GO	    5795	   522	2025-09-23	everywall/ladder	Selfhosted alternative to 12ft.io. and 1ft.io bypass paywalls with a proxy ladder and remove CORS headers from any URL
ğŸŸ£	GO	    5325	    40	2025-09-27	evcc-io/evcc	solar charging â˜€ï¸ğŸš˜
ğŸŸ£	GO	    4889	    35	2025-09-27	kgateway-dev/kgateway	The Cloud-Native API Gateway and AI Gateway
ğŸŸ£	GO	    4883	  1158	2025-10-05	Done-0/fuck-u-code	Legacy-Mess Detector â€“ assess the â€œlegacy-mess levelâ€ of your code and output a beautiful report | å±å±±ä»£ç æ£€æµ‹å™¨ï¼Œè¯„ä¼°ä»£ç çš„â€œå±å±±ç­‰çº§â€å¹¶è¾“å‡ºç¾è§‚çš„æŠ¥å‘Š
ğŸŸ£	GO	    4863	    65	2025-09-17	lharries/whatsapp-mcp	WhatsApp MCP server
ğŸŸ£	GO	    4421	  1958	2025-09-17	modelcontextprotocol/registry	A community driven registry service for Model Context Protocol (MCP) servers.
ğŸŸ£	GO	    4120	    49	2025-09-17	openfga/openfga	A high performance and flexible authorization/permission engine built for developers and inspired by Google Zanzibar
ğŸŸ£	GO	    3538	   114	2025-09-27	gtsteffaniak/filebrowser	ğŸ“‚ Web File Browser
ğŸŸ£	GO	    3256	    11	2025-09-27	DataDog/datadog-agent	Main repository for Datadog Agent
ğŸŸ£	GO	    2635	    78	2025-09-23	ArvinLovegood/go-stock	ğŸ¦„ğŸ¦„ğŸ¦„AIèµ‹èƒ½è‚¡ç¥¨åˆ†æï¼šAIåŠ æŒçš„è‚¡ç¥¨åˆ†æ/é€‰è‚¡å·¥å…·ã€‚è‚¡ç¥¨è¡Œæƒ…è·å–ï¼ŒAIçƒ­ç‚¹èµ„è®¯åˆ†æï¼ŒAIèµ„é‡‘/è´¢åŠ¡åˆ†æï¼Œæ¶¨è·ŒæŠ¥è­¦æ¨é€ã€‚æ”¯æŒAè‚¡ï¼Œæ¸¯è‚¡ï¼Œç¾è‚¡ã€‚æ”¯æŒå¸‚åœºæ•´ä½“/ä¸ªè‚¡æƒ…ç»ªåˆ†æï¼ŒAIè¾…åŠ©é€‰è‚¡ç­‰ã€‚æ•°æ®å…¨éƒ¨ä¿ç•™åœ¨æœ¬åœ°ã€‚æ”¯æŒDeepSeekï¼ŒOpenAIï¼Œ Ollamaï¼ŒLMStudioï¼ŒAnythingLLMï¼Œç¡…åŸºæµåŠ¨ï¼Œç«å±±æ–¹èˆŸï¼Œé˜¿é‡Œäº‘ç™¾ç‚¼ç­‰å¹³å°æˆ–æ¨¡å‹ã€‚
ğŸŸ£	GO	    2601	   832	2025-09-17	flexprice/flexprice	Usage-based pricing and billing for developers ğŸ”“ Cloud or self-hosted âš™ï¸ No-code UI ğŸ’° Realtime usage metering ğŸŸ Credits & top-ups ğŸ”‘ Control feature access
ğŸŸ£	GO	    2287	    26	2025-09-23	ava-labs/avalanchego	Go implementation of an Avalanche node.
ğŸŸ£	GO	    1550	    53	2025-09-23	kagent-dev/kagent	Cloud Native Agentic AI | Discord: https://bit.ly/kagentdiscord
ğŸŸ£	GO	    1326	    54	2025-09-27	hteen/apple-store-helper	Apple Store iPhoneé¢„çº¦åŠ©æ‰‹
ğŸŸ£	GO	     604	    44	2025-10-05	vxcontrol/pentagi	âœ¨ Fully autonomous AI Agents system capable of performing complex penetration testing tasks
ğŸŸ£	GO	     440	   242	2025-10-05	dbos-inc/dbos-transact-golang	Durable Workflow Orchestration with Golang and Postgres
ğŸŸ£	GO	     378	    32	2025-10-05	obot-platform/obot	Open-source MCP Gateway and AI Platform
ğŸŸ£	GO	     243	    36	2025-09-23	docker/mcp-registry	Official Docker MCP registry
ğŸŸ¢	TS	  428710	  1018	2025-09-23	freeCodeCamp/freeCodeCamp	freeCodeCamp.org's open-source codebase and curriculum. Learn math, programming, and computer science for free.
ğŸŸ¢	TS	   88693	   564	2025-09-17	supabase/supabase	The Postgres development platform. Supabase gives you a dedicated Postgres database to build your web, mobile, and AI applications.
ğŸŸ¢	TS	   35488	  1135	2025-10-05	anthropics/claude-code	Claude Code is an agentic coding tool that lives in your terminal, understands your codebase, and helps you code faster by executing routine tasks, explaining complex code, and handling git workflows - all through natural language commands.
ğŸŸ¢	SH	   40300	    90	2025-09-17	dylanaraps/pure-bash-bible	ğŸ“– A collection of pure bash alternatives to external processes.	Learnt techniques
ğŸŸ¢	SH	    7486	    42	2025-09-17	basecamp/omakub	Opinionated Ubuntu Setup	I use it for ideas, not as-is
ğŸŸ¢	RS	  104596	   165	2025-10-05	denoland/deno	A modern runtime for JavaScript and TypeScript.
ğŸŸ¢	RS	   54639	   176	2025-09-27	sharkdp/bat	A cat(1) clone with wings.
ğŸŸ¢	RS	   53390	   131	2025-09-27	meilisearch/meilisearch	A lightning-fast search engine API bringing AI-powered hybrid search to your sites and applications.
ğŸŸ¢	RS	   51198	   245	2025-09-17	starship/starship	â˜„ğŸŒŒï¸ The minimal, blazing-fast, and infinitely customizable prompt for any shell!
ğŸŸ¢	RS	   41607	  1742	2025-09-17	openai/codex	Lightweight coding agent that runs in your terminal
ğŸŸ¢	RS	   31114	   121	2025-10-05	fish-shell/fish-shell	The user-friendly command line shell.
ğŸŸ¢	RS	   30507	   185	2025-09-17	GyulyVGC/sniffnet	Comfortably monitor your Internet traffic ğŸ•µï¸â€â™‚ï¸	Easy-to-install/run network traffic monitor
ğŸŸ¢	RS	   30164	   493	2025-09-27	ajeetdsouza/zoxide	A smarter cd command. Supports all major shells.
ğŸŸ¢	RS	   17531	   160	2025-09-27	eza-community/eza	A modern alternative to ls
ğŸŸ¢	PY	  138130	   820	2025-09-27	ytdl-org/youtube-dl	Command-line program to download videos from YouTube.com and other video sites
ğŸŸ¢	PY	   76085	  2265	2025-09-17	microsoft/markitdown	Python tool for converting files and office documents to Markdown.
ğŸŸ¢	PY	   58428	    96	2025-10-05	scrapy/scrapy	Scrapy, a fast high-level web crawling & scraping framework for Python.
ğŸŸ¢	PY	    9842	    93	2025-10-05	simonw/llm	Access large language models from the command-line
ğŸŸ¢	JS	  113458	   183	2025-09-27	nodejs/node	Node.js JavaScript runtime âœ¨ğŸ¢ğŸš€âœ¨
ğŸŸ¢	JS	  111531	    78	2025-09-23	d3/d3	Bring data to life with SVG, Canvas and HTML. ğŸ“ŠğŸ“ˆğŸ‰
ğŸŸ¢	JS	  110100	   761	2025-09-17	open-webui/open-webui	User-friendly AI Interface (Supports Ollama, OpenAI API, ...)
ğŸŸ¢	JS	  108591	   138	2025-09-17	mrdoob/three.js	JavaScript 3D Library.
ğŸŸ¢	JS	   69608	    57	2025-09-23	hakimel/reveal.js	The HTML Presentation Framework
ğŸŸ¢	JS	   64664	   641	2025-10-05	juliangarnier/anime	JavaScript animation engine
ğŸŸ¢	JS	   51022	    60	2025-09-27	prettier/prettier	Prettier is an opinionated code formatter.
ğŸŸ¢	JS	   43992	   127	2025-09-17	microsoft/monaco-editor	A browser based code editor
ğŸŸ¢	JS	   43658	    49	2025-09-23	Leaflet/Leaflet	ğŸƒ JavaScript library for mobile-friendly interactive maps ğŸ‡ºğŸ‡¦
ğŸŸ¢	JS	   26513	   256	2025-09-27	eslint/eslint	Find and fix problems in your JavaScript code.
ğŸŸ¢	JS	   26016	    27	2025-09-27	rollup/rollup	Next-generation ES module bundler
ğŸŸ¢	JS	   20269	    91	2025-09-27	brave/brave-browser	Brave browser for Android, iOS, Linux, macOS, Windows.
ğŸŸ¢	JS	    9145	    22	2025-09-23	npm/cli	the package manager for JavaScript
ğŸŸ¢	GO	  153140	   566	2025-09-27	ollama/ollama	Get up and running with OpenAI gpt-oss, DeepSeek-R1, Gemma 3 and other models.
ğŸŸ¢	GO	   40924	   122	2025-10-05	cli/cli	GitHubâ€™s official command line tool
ğŸŸ¢	GO	   31393	   168	2025-09-23	1Panel-dev/1Panel	ğŸ”¥ 1Panel provides an intuitive web interface and MCP Server to manage websites, files, containers, databases, and LLMs on a Linux server.	Easy-to-run monitor for Linux servers. Install and run 1pctl --help.
ğŸ”µ	SH	    3184	   105	2025-10-05	x-cmd/x-cmd	x-cmd: Bootstrap 1000+ command line tools in seconds.	Interesting. Good tool list. Yet to find a use-case.
ğŸ”´	TS	  336554	   939	2025-09-17	kamranahmedse/developer-roadmap	Interactive roadmaps, guides and other educational content to help developers grow in their careers.	Skip educational
ğŸ”´	TS	  130516	   762	2025-09-27	yangshun/tech-interview-handbook	ğŸ’¯ Curated coding interview preparation materials for busy software engineers	Skip educational
ğŸ”´	TS	   98887	   121	2025-09-23	angular/angular	Deliver web apps with confidence ğŸš€	Prefer lit-html
ğŸ”´	TS	   58229	    71	2025-09-23	nuxt/nuxt	The Intuitive Vue Framework.	I prefer docsify / eleventy
ğŸ”´	TS	   49268	   415	2025-09-23	cypress-io/cypress	Fast, easy and reliable testing for anything that runs in a browser.	Prefer playwright
ğŸ”´	TS	   43396	   388	2025-09-17	expo/expo	An open-source framework for making universal native apps with React. Expo runs on Android, iOS, and the web.	I don't code React
ğŸ”´	TS	   28349	  1420	2025-09-17	ZuodaoTech/everyone-can-use-english	äººäººéƒ½èƒ½ç”¨è‹±è¯­	Don't need English
ğŸ”´	TS	   26520	  1052	2025-09-17	heroui-inc/heroui	ğŸš€ Beautiful, fast and modern React UI library. (Previously NextUI)	I don't code React
ğŸ”´	TS	   25931	    49	2025-09-17	recharts/recharts	Redefined chart library built with React and D3	No React. Prefer ChartJS
ğŸ”´	TS	   24994	   851	2025-09-17	ItzCrazyKns/Perplexica	Perplexica is an AI-powered search engine. It is an Open source alternative to Perplexity AI	Too heavy
ğŸ”´	TS	   23906	   985	2025-09-23	CopilotKit/CopilotKit	React UI + elegant infrastructure for AI Copilots, AI chatbots, and in-app AI agents. The Agentic last-mile ğŸª	I don't code React
ğŸ”´	TS	    4700	   536	2025-09-17	vercel/examples	Enjoy our curated collection of examples and solutions. Use these patterns to build your own robust and scalable applications.	I don't read examples
ğŸ”´	TS	    1065	    95	2025-09-23	coinbase/x402	A payments protocol for the internet. Built on HTTP.	I don't do finance
ğŸ”´	SH	  181656	   188	2025-09-27	ohmyzsh/ohmyzsh	ğŸ™ƒ A delightful community-driven (with 2,400+ contributors) framework for managing your zsh configuration. Includes 300+ optional plugins (rails, git, macOS, hub, docker, homebrew, node, php, python, etc), 140+ themes to spice up your morning, and an auto-update tool that makes it easy to keep up with the latest updates from the community.	Prefer fish for out-of-box setup
ğŸ”´	SH	   86945	   145	2025-09-17	nvm-sh/nvm	Node Version Manager - POSIX-compliant bash script to manage multiple active node.js versions	Prefer mise
ğŸ”´	SH	   58288	   131	2025-09-17	youngyangyang04/leetcode-master	ã€Šä»£ç éšæƒ³å½•ã€‹LeetCode åˆ·é¢˜æ”»ç•¥ï¼š200é“ç»å…¸é¢˜ç›®åˆ·é¢˜é¡ºåºï¼Œå…±60wå­—çš„è¯¦ç»†å›¾è§£ï¼Œè§†é¢‘éš¾ç‚¹å‰–æï¼Œ50ä½™å¼ æ€ç»´å¯¼å›¾ï¼Œæ”¯æŒC++ï¼ŒJavaï¼ŒPythonï¼ŒGoï¼ŒJavaScriptç­‰å¤šè¯­è¨€ç‰ˆæœ¬ï¼Œä»æ­¤ç®—æ³•å­¦ä¹ ä¸å†è¿·èŒ«ï¼ğŸ”¥ğŸ”¥ æ¥çœ‹çœ‹ï¼Œä½ ä¼šå‘ç°ç›¸è§æ¨æ™šï¼ğŸš€	I don't LeetCode
ğŸ”´	SH	   53483	   126	2025-09-27	pi-hole/pi-hole	A black hole for Internet advertisements	Prefer direct DNS routers
ğŸ”´	SH	   44080	    89	2025-09-27	acmesh-official/acme.sh	A pure Unix shell script implementing ACME client protocol	Prefer certbot
ğŸ”´	SH	   28443	    67	2025-09-27	MichaelCade/90DaysOfDevOps	This repository started out as a learning in public project for myself and has now become a structured learning map for many in the community. We have 3 years under our belt covering all things DevOps, including Principles, Processes, Tooling and Use Cases surrounding this vast topic.	Skip educational
ğŸ”´	SH	   26032	    38	2025-09-23	mbadolato/iTerm2-Color-Schemes	Over 425 terminal color schemes/themes for iTerm/iTerm2. Includes ports to Terminal, Konsole, PuTTY, Xresources, XRDB, Remmina, Termite, XFCE, Tilda, FreeBSD VT, Terminator, Kitty, MobaXterm, LXTerminal, Microsoft's Windows Terminal, Visual Studio, Alacritty, Ghostty, and many more	I don't use Mac
ğŸ”´	SH	   19150	    76	2025-10-05	rockerBOO/awesome-neovim	Collections of awesome neovim plugins.	I don't use Vim
ğŸ”´	SH	   14848	    43	2025-09-17	termux/termux-packages	A package build system for Termux.	I don't code Android apps
ğŸ”´	SH	    9509	  1214	2025-09-23	basecamp/omarchy	Opinionated Arch/Hyprland Setup	I don't use Arch/Hyprland
ğŸ”´	SH	    7942	    38	2025-10-05	adi1090x/rofi	A huge collection of Rofi based custom Applets, Launchers & Powermenus.	Too monolithic. I prefer micro-themes/scripts.
ğŸ”´	SH	    2013	   131	2025-09-23	kanshurichard/enableAppleAI	Enable Apple Intelligence on Macs sold in Mainland China with SIP enabled, tested on MacOS 15.4.1+ and 26 beta	I don't use Mac
ğŸ”´	RS	  106655	   202	2025-09-23	rust-lang/rust	Empowering everyone to build reliable and efficient software.	I don't code Rust
ğŸ”´	RS	   66187	   569	2025-09-23	zed-industries/zed	Code at the speed of thought â€“ Zed is a high-performance, multiplayer code editor from the creators of Atom and Tree-sitter.	I prefer VS Code
ğŸ”´	RS	   62138	    25	2025-10-05	FuelLabs/sway	ğŸŒ´ Empowering everyone to build reliable and efficient smart contracts.	I don't do blockchain
ğŸ”´	RS	   60531	   125	2025-10-05	alacritty/alacritty	A cross-platform, OpenGL terminal emulator.	I use VS Code's terminal
ğŸ”´	RS	   56192	   195	2025-10-05	topjohnwu/Magisk	The Magic Mask for Android	I don't code Android apps
ğŸ”´	RS	   45705	   193	2025-09-23	typst/typst	A new markup-based typesetting system that is powerful and easy to learn.	LaTeX alternative. I prefer Markdown. See https://lwn.net/Articles/1037577/
ğŸ”´	RS	   42359	   380	2025-09-27	bevyengine/bevy	A refreshingly simple data-driven game engine built in Rust	I don't code Rust
ğŸ”´	RS	   34023	  1945	2025-09-17	juspay/hyperswitch	An open source payments switch written in Rust to make payments fast, reliable and affordable	I don't do finance
ğŸ”´	RS	   30554	  2054	2025-09-23	linera-io/linera-protocol	Main repository for the Linera protocol	I don't do blockchain
ğŸ”´	RS	   30061	    67	2025-09-17	surrealdb/surrealdb	A scalable, distributed, collaborative, document-graph database, for the realtime web	Not mature enough yet
ğŸ”´	RS	   29600	    96	2025-09-17	tokio-rs/tokio	A runtime for writing reliable asynchronous applications with Rust. Provides I/O, networking, scheduling, timers, ...	I don't code Rust
ğŸ”´	RS	   27968	   129	2025-10-05	casey/just	ğŸ¤– Just a command runner	Prefer zx - plain JS
ğŸ”´	RS	   26013	   229	2025-09-17	qdrant/qdrant	Qdrant - High-performance, massive-scale Vector Database and Vector Search Engine for the next generation of AI. Also available in the cloud https://cloud.qdrant.io/	Not compelling enough
ğŸ”´	RS	   23727	   146	2025-09-17	ankitects/anki	Anki is a smart spaced repetition flashcard program	I don't use flash cards
ğŸ”´	RS	   23656	    72	2025-09-27	actix/actix-web	Actix Web is a powerful, pragmatic, and extremely fast web framework for Rust.	I don't code Rust
ğŸ”´	RS	   22114	    96	2025-09-23	tree-sitter/tree-sitter	An incremental parsing system for programming tools	I don't code Rust
ğŸ”´	RS	   21673	   488	2025-09-27	GraphiteEditor/Graphite	An open source graphics editor for 2025: comprehensive 2D content creation tool suite for graphic design, digital art, and interactive real-time motion graphics â€” featuring node-based procedural editing	Web app felt a bit slow. Not sure if this is the best desktop vector art editor for my needs.
ğŸ”´	RS	   21504	   145	2025-09-17	uutils/coreutils	Cross-platform Rust rewrite of the GNU coreutils	I don't code coreutils
ğŸ”´	RS	   19904	   256	2025-09-27	block/goose	an open source, extensible AI agent that goes beyond code suggestions - install, execute, edit, and test with any LLM	I prefer Codex CLI / Claude Code
ğŸ”´	RS	   19209	  1240	2025-09-17	zama-ai/fhevm	FHEVM, a full-stack framework for integrating Fully Homomorphic Encryption (FHE) with blockchain applications	I don't do blockchain
ğŸ”´	RS	   16883	    40	2025-09-17	bytecodealliance/wasmtime	A lightweight WebAssembly runtime that is fast, secure, and standards-compliant	I don't code Rust
ğŸ”´	RS	   16498	   214	2025-09-17	gitbutlerapp/gitbutler	The GitButler version control client, backed by Git, powered by Tauri/Rust/Svelte	I don't like local web apps. Prefer CLI, VS Code plugin
ğŸ”´	RS	   14530	   123	2025-09-27	solana-labs/solana	Web-Scale Blockchain for fast, secure, scalable, decentralized apps and marketplaces.	I don't do finance
ğŸ”´	RS	   13646	    37	2025-09-17	diesel-rs/diesel	A safe, extensible ORM and Query Builder for Rust	I don't code Rust
ğŸ”´	RS	   13641	   298	2025-09-23	tursodatabase/turso	Turso Database is a project to build the next evolution of SQLite.	Prefer libSQL
ğŸ”´	RS	   11319	   261	2025-09-17	YaLTeR/niri	A scrollable-tiling Wayland compositor	I don't use Wayland
ğŸ”´	RS	   10617	    36	2025-10-05	cloudflare/quiche	ğŸ¥§ Savoury implementation of the QUIC transport protocol and HTTP/3	I don't code HTTP servers
ğŸ”´	RS	    7778	    39	2025-09-23	apache/datafusion	Apache DataFusion SQL Query Engine	I don't code Rust
ğŸ”´	RS	    5385	   236	2025-10-05	BloopAI/vibe-kanban	Kanban board to manage your AI coding agents	Good idea: Kanban board to manage AI coding tasks. I don't yet need it.
ğŸ”´	RS	    2912	    49	2025-10-05	cocoindex-io/cocoindex	Data transformation framework for AI. Ultra performant, with incremental processing. ğŸŒŸ Star if you like it!	Opinionated framework
ğŸ”´	RS	    2774	   104	2025-10-05	davidlattimore/wild	A very fast linker for Linux	I don't code C
ğŸ”´	RS	    1647	   431	2025-09-17	carthage-software/mago	Mago is a toolchain for PHP that aims to provide a set of tools to help developers write better code	I don't code PHP
ğŸ”´	PY	  369955	  1501	2025-09-23	EbookFoundation/free-programming-books	ğŸ“š Freely available programming books	Skip educational
ğŸ”´	PY	  321277	  1132	2025-09-27	donnemartin/system-design-primer	Learn how to design large-scale systems. Prep for the system design interview. Includes Anki flashcards.	Skip educational
ğŸ”´	PY	   54237	   549	2025-09-17	PaddlePaddle/PaddleOCR	Turn any PDF or image document into structured data for your AI. A powerful, lightweight OCR toolkit that bridges the gap between images/PDFs and LLMs. Supports 80+ languages.	Prefer markitdown
ğŸ”´	PY	   50300	   848	2025-09-27	Asabeneh/30-Days-Of-Python	30 days of Python programming challenge is a step-by-step guide to learn the Python programming language in 30 days. This challenge may take more than100 days, follow your own pace. These videos may help too: https://www.youtube.com/channel/UC7PNRuno1rzYPb1xLa4yktw	Skip educational
ğŸ”´	PY	   46075	   582	2025-09-23	unslothai/unsloth	Fine-tuning & Reinforcement Learning for LLMs. ğŸ¦¥ Train OpenAI gpt-oss, DeepSeek-R1, Qwen3, Gemma 3, TTS 2x faster with 70% less VRAM.	I don't fine-tune
ğŸ”´	PY	   45640	  5535	2025-10-05	harry0703/MoneyPrinterTurbo	åˆ©ç”¨AIå¤§æ¨¡å‹ï¼Œä¸€é”®ç”Ÿæˆé«˜æ¸…çŸ­è§†é¢‘ Generate short videos with one click using AI LLM.	README is in Chinese. Tried Colab, didn't work
ğŸ”´	PY	   40595	   603	2025-09-17	virattt/ai-hedge-fund	An AI Hedge Fund Team	I don't do finance
ğŸ”´	PY	   38882	   531	2025-09-23	ccxt/ccxt	A cryptocurrency trading API with more than 100 exchanges in JavaScript / TypeScript / Python / C# / PHP / Go	I don't do finance
ğŸ”´	PY	   33525	   578	2025-09-17	agno-agi/agno	High-performance runtime for multi-agent systems. Build, run and manage secure multi-agent systems in your cloud.	Prefer lightweight pydantic-ai
ğŸ”´	PY	   29418	   748	2025-10-05	frappe/erpnext	Free and Open Source Enterprise Resource Planning (ERP)	I don't use ERPs
ğŸ”´	PY	    9138	  1816	2025-10-05	hsliuping/TradingAgents-CN	åŸºäºå¤šæ™ºèƒ½ä½“LLMçš„ä¸­æ–‡é‡‘èäº¤æ˜“æ¡†æ¶ - TradingAgentsä¸­æ–‡å¢å¼ºç‰ˆ	I don't do finance
ğŸ”´	PY	    8630	    96	2025-10-05	ollama/ollama-python	Ollama Python library	I don't use Ollama much
ğŸ”´	PY	    7556	   276	2025-10-05	topoteretes/cognee	Memory for AI Agents in 6 lines of code	Feels slightly heavy rather than embeddable
ğŸ”´	PY	    6292	   744	2025-09-23	google-research/timesfm	TimesFM (Time Series Foundation Model) is a pretrained time-series foundation model developed by Google Research for time-series forecasting.	Requires BigQuery
ğŸ”´	PY	    2276	   337	2025-09-17	ml-explore/mlx-lm	Run LLMs with MLX	I don't use Apple
ğŸ”´	PY	     147	    25	2025-10-05	elliottech/lighter-python	Public Python SDK for Lighter	I don't do finance
ğŸ”´	JS	  239169	   290	2025-09-23	facebook/react	The library for web and native user interfaces.	Prefer lit-html
ğŸ”´	JS	  147507	    92	2025-10-05	airbnb/javascript	JavaScript Style Guide	I prefer tool-based standards like Prettier
ğŸ”´	JS	  134719	   205	2025-09-27	vercel/next.js	The React Framework	I don't do React
ğŸ”´	JS	  134619	   416	2025-09-27	f/awesome-chatgpt-prompts	This repo includes ChatGPT prompt curation to use ChatGPT and other LLM tools better.	Skip educational
ğŸ”´	JS	  107626	    86	2025-09-17	axios/axios	Promise based HTTP client for the browser and node.js	Prefer fetch
ğŸ”´	JS	  103660	    78	2025-09-23	facebook/create-react-app	Set up a modern web app by running one command.	I don't code React
ğŸ”´	JS	   89255	   384	2025-10-05	jaywcjlove/awesome-mac	ï£¿ Now we have become very big, Different from the original idea. Collect premium software in various categories.	I don't use Mac
ğŸ”´	JS	   65712	    73	2025-10-05	leonardomso/33-js-concepts	ğŸ“œ 33 JavaScript concepts every developer should know.	Skip educational
ğŸ”´	JS	   60717	    46	2025-09-23	atom/atom	The hackable text editor	Prefer VS Code
ğŸ”´	JS	   46046	   154	2025-09-17	bigskysoftware/htmx	</> htmx - high power tools for HTML	Too far from my mental model
ğŸ”´	JS	   45337	   141	2025-10-05	Asabeneh/30-Days-Of-JavaScript	30 days of JavaScript programming challenge is a step-by-step guide to learn JavaScript programming language in 30 days. This challenge may take more than 100 days, please just follow your own pace. These videos may help too: https://www.youtube.com/channel/UC7PNRuno1rzYPb1xLa4yktw	Skip educational
ğŸ”´	JS	    9163	   202	2025-09-23	WebKit/WebKit	Home of the WebKit project, the browser engine used by Safari, Mail, App Store and many other applications on macOS, iOS and Linux.	I don't build browsers
ğŸ”´	GO	  153926	   648	2025-10-05	avelino/awesome-go	A curated list of awesome Go frameworks, libraries and software	I don't code Go
ğŸ”´	GO	  129972	   125	2025-09-23	golang/go	The Go programming language	I don't code Go
ğŸ”´	GO	  117711	   167	2025-09-27	kubernetes/kubernetes	Production-Grade Container Scheduling and Management	I don't code Kubernetes
ğŸ”´	GO	   85922	  1832	2025-09-27	gin-gonic/gin	Gin is a high-performance HTTP web framework written in Go. It provides a Martini-like API but with significantly better performanceâ€”up to 40 times fasterâ€”thanks to httprouter. Gin is designed for building REST APIs, web applications, and microservices.	I don't code Go
ğŸ”´	GO	   83576	   212	2025-09-17	gohugoio/hugo	The worldâ€™s fastest framework for building websites.	Prefer eleventy
ğŸ”´	GO	   49874	   101	2025-09-27	ethereum/go-ethereum	Go implementation of the Ethereum protocol	I don't do Finance
ğŸ”´	GO	   37961	   285	2025-09-27	gofiber/fiber	âš¡ï¸ Express inspired web framework written in Go	I don't code Go
ğŸ”´	GO	   37389	   377	2025-09-17	milvus-io/milvus	Milvus is a high-performance, cloud-native vector database built for scalable vector ANN search	Not compelling enough
ğŸ”´	GO	   37310	    48	2025-09-23	istio/istio	Connect, secure, control, and observe services.	I don't do Kubernetes
ğŸ”´	GO	   31163	   161	2025-09-17	derailed/k9s	ğŸ¶ Kubernetes CLI To Manage Your Clusters In Style!	I don't code Kubernetes
ğŸ”´	GO	   30325	   103	2025-10-05	AdguardTeam/AdGuardHome	Network-wide ads & trackers blocking DNS server	Not interested
ğŸ”´	GO	   29268	    48	2025-09-17	spf13/viper	Go configuration with fangs	I don't code Go
ğŸ”´	GO	   28607	   130	2025-09-27	helm/helm	The Kubernetes Package Manager	I don't code Kubernetes
ğŸ”´	GO	   26602	   144	2025-09-27	grafana/loki	Like Prometheus, but for logs.	I don't self-host logs
ğŸ”´	GO	   24870	    65	2025-09-17	go-kratos/kratos	Your ultimate Go microservices framework for the cloud-native era.	I don't code Go
ğŸ”´	GO	   24765	   136	2025-09-27	abiosoft/colima	Container runtimes on macOS (and Linux) with minimal setup	I don't use Mac
ğŸ”´	GO	   22332	   167	2025-09-17	grpc/grpc-go	The Go language implementation of gRPC. HTTP/2 based RPC	I don't code Go
ğŸ”´	GO	   13757	   225	2025-09-23	go-task/task	A task runner / simpler Make alternative written in Go	No need yet
ğŸ”´	GO	   12574	    52	2025-10-05	jackc/pgx	PostgreSQL driver and toolkit for Go	I don't code Go
ğŸ”´	GO	    6866	    23	2025-09-27	go-git/go-git	A highly extensible Git implementation in pure Go.	I'm don't code Go
ğŸ”´	GO	    5630	    22	2025-09-17	actions/actions-runner-controller	Kubernetes controller for GitHub Actions self-hosted runners	I don't code Kubernetes
ğŸ”´	GO	    4909	   108	2025-09-23	NexaAI/nexa-sdk	On device AI inference in minutesâ€”now for MLX & GGUF and Qualcomm NPU, with Android and iOS coming soon.	I don't code Go
ğŸ”´	GO	    3908	    22	2025-09-23	opencontainers/image-spec	OCI Image Format	I don't code Go
ğŸ”´	GO	    3052	    32	2025-09-23	uber-go/mock	GoMock is a mocking framework for the Go programming language.	I don't code Go
ğŸ”´	GO	    2456	    76	2025-09-17	aldinokemal/go-whatsapp-web-multidevice	GOWA - WhatsApp REST API with support for UI, Webhooks, and MCP. Built with Golang for efficient memory use.	I don't use WhatsApp Business API
ğŸ”´	GO	    2331	   104	2025-10-05	modelcontextprotocol/go-sdk	The official Go SDK for Model Context Protocol servers and clients. Maintained in collaboration with Google.	I don't code Go
ğŸ”´	GO	     583	   264	2025-09-17	docker/mcp-gateway	docker mcp CLI plugin / MCP Gateway	Too heavy
âºï¸	TS	  138342	  2002	2025-09-17	n8n-io/n8n	Fair-code workflow automation platform with native AI capabilities. Combine visual building with custom code, self-host or cloud, 400+ integrations.
âºï¸	TS	   17916	    49	2025-09-27	github/docs	The open-source repo for docs.github.com
âºï¸	TS	   16105	   112	2025-09-17	sindresorhus/type-fest	A collection of essential TypeScript types
âºï¸	TS	    2418	    38	2025-09-17	cloudflare/agents	Build and deploy AI Agents on Cloudflare
âºï¸	RS	   28528	   182	2025-09-27	sxyazi/yazi	ğŸ’¥ Blazing fast terminal file manager written in Rust, based on async I/O.
âºï¸	RS	   21336	   118	2025-10-05	biomejs/biome	A toolchain for web projects, aimed to provide functionalities to maintain them. Biome offers formatter and linter, usable via CLI and LSP.
âºï¸	RS	   16381	   107	2025-09-17	oxc-project/oxc	âš“ A collection of JavaScript tools written in Rust.
âºï¸	RS	   10453	   322	2025-09-17	ast-grep/ast-grep	âš¡A CLI tool for code structural search, lint and rewriting. Written in Rust
âºï¸	RS	    4843	    87	2025-09-27	visioncortex/vtracer	Raster to Vector Graphics Converter
âºï¸	RS	    2436	   273	2025-09-23	bahdotsh/wrkflw	Validate and Run GitHub Actions locally.
âºï¸	RS	    1421	   425	2025-09-17	j178/prek	âš¡ Better `pre-commit`, re-engineered in Rust
âºï¸	PY	   13490	   319	2025-09-17	ahujasid/blender-mcp
âºï¸	PY	    2143	   968	2025-10-05	anthropics/claude-agent-sdk-python
âºï¸	JS	   84299	   100	2025-10-05	sveltejs/svelte	web development for the rest of us
âºï¸	JS	   18943	    85	2025-09-27	FreeTubeApp/FreeTube	An Open Source YouTube app for privacy
âºï¸	GO	   31926	   170	2025-10-05	IceWhaleTech/CasaOS	CasaOS - A simple, easy-to-use, elegant open-source Personal Cloud system.	Might be heavy but ...
âºï¸	GO	   24962	   193	2025-09-23	tailscale/tailscale	The easiest, most secure way to use WireGuard and 2FA.
âºï¸	GO	   12810	   662	2025-10-05	oauth2-proxy/oauth2-proxy	A reverse proxy that provides authentication with Google, Azure, OpenID Connect and many more identity providers.	Could be useful. Integrates with Caddy.
